page_id	page_title	rev_id
52638000	Elham_Wagdy	765558836
53672389	Abui_people	780964864
54056939	Perino's_(Restaurant)	780928295
53668422	APRA_Music_Awards_of_2017	779598421
54047789	2017_Dhaka_Senior_Division_League	781107113
53163295	Johnny_Pemberton	780234524
53571488	Westminster_attack	773235346
53233316	List_of_Nazi_propaganda_films	768063901
53931812	Seton_Mains_Halt_railway_station	778480582
53999994	Archdiocese_of_Corinth	779511298
53211870	Judith_Matloff	779937143
53406871	Thailand–Vietnam_relations	777586698
52814900	Still_Blue	775757003
53495621	Priti_Paul	778290344
53444871	Creative_Consumer_Concepts	781059395
53516153	The_Hanging_Tree_(novel)	778890749
53945402	1904–05_Bucknell_Bison_men's_basketball_team	779387131
53305225	1922–23_FC_Barcelona_season	775850813
53372156	Michael_Lochmaier	768683389
53185183	Johnny_Yau	771583839
52795627	Lauren_Faith	759642318
52600611	Far-left_politics_in_the_United_Kingdom	774972216
53436664	Cannon_102/35_Model_1914	778360716
53521464	Setiremin_düğmeleri_aman_bir_sıra	770915557
53752391	Frank_Mushyo_Kamanzi	777004926
53447669	Weightlifting_at_the_Summer_Universiade	769766800
53710138	Oh,_Baby_All	778250611
53195831	Cabinet_Committee_on_Political_Affairs	766626089
52722096	George_Miloslavsky	773001125
53811396	Church_of_the_Holy_Name_and_Our_Lady_of_the_Sacred_Heart,_Bow	776023528
53807546	Sam_Leak	779445543
53705708	Every_Where_Is_Some_Where	779326947
53385844	Marie_Tømmerbakke	768661420
53984806	Raheislam_Educational_Organisation	780980361
53988124	Montenegro_national_Australian_rules_football_team	779288974
53470242	Finn_Arnestad	776878152
52782031	Abraham_Polak	776315190
54076874	List_of_Kolkata_Knight_Riders_records	781141428
53443600	American_Mining_and_Stock_Exchange	773303248
53747577	Feel_(Kendrick_Lamar_song)	780497518
53034302	Euripides,_Orestes_338-44_(Pap._Vienna_G_2315)	762994013
53912773	Xwejni_Bay	778153652
54080254	Aunty_Jack's_Travelling_Show	781116382
53404278	Continuous_accounting	779934469
53452055	Aaron_Burr_Cidery	777561819
53607745	Academia_Paulista_de_Letras	779216424
52828748	Hotshot_(band)	778575207
53460367	Twitching_in_Time	773993459
53834175	Euroexam_International	778181701
53531980	Akihiro_Mayama	772121325
53219265	Ferdinant_Rira	769194495
53621955	Jody_Deming	779272424
52817206	HKS_PU_College	772140944
53482266	List_of_reportedly_haunted_locations_in_South_Africa	771508544
53919823	The_Voice_Kids_(Russia,_season_5)	780326389
54068179	Neochori_Aridaias	780837710
53756680	Karl_Madianga	780051860
52672683	Finnish_Language_Board	757149904
53760376	Alex_Moreno_(DJ_&_music_producer)	775311360
53949650	Open_access_in_Zimbabwe	781004697
53971780	Woodruff,_Idaho	778957414
53309131	Shether	777549542
53420413	Australian_Jewish_Media	780927300
53920100	Rory_Burke	780686166
53533283	Joseph_R_Vasquez	776263434
53383873	Polisportiva_Adolfo_Consolini	769780618
54023419	Sabbir_Jadid	780867171
53202957	Scylla_(database)	775044191
53554930	1980–81_S.L._Benfica_season	776969072
53935071	James_Hilton_McManus	778368877
53052214	Space_Monster,_Wangmagwi	764085098
17852729	Bingham_Road_railway_station	716542108
53070332	.win	768572750
53415054	Oregon_Indoor_Clean_Air_Act	780748961
53305698	Ashley_Vesci	781087986
52787331	Innu_Magazine	772141831
53918330	Yeojin_(single)	779039747
53643803	Oxford_Public_School,_Ranchi	775727456
53218915	Bruce_Turkel	776761731
53686113	Dan_Ferrigno	775230516
52717625	Mahathir_Azeman	776502892
53736994	Cale_Makar	779540876
53986731	Soccer_matches_at_NRG_Stadium	779260212
54073526	Terminal_A	780955961
53324010	St._Nicholas'_Church_(Nikolaevka,_Rostov_Oblast)	772186099
54028488	Andreas_Mies	780581004
53709684	Shine_(Wale_album)	781121289
54039008	NEXEN_(platform)	780290758
52899343	Dhiren_Shah	760552267
54060114	International_Rabbinic_Fellowship	780673411
53428194	Muzzy_(musician)	778824615
52628704	2016_Mubadala_World_Tennis_Championship_(December)_–_Singles	775381405
53907371	Thryomanes_bewickii_leucophrys	777707108
53231507	2017_Chesapeake_Bayhawks_season	780611407
52961593	List_of_Digimon_Universe:_Appli_Monsters_characters	780751001
52751378	Hasyim	772141095
53977162	Douglas_E._Noble	781061239
53173078	Jaap_Stotijn	778103970
53493746	The_Others_(Miyavi_album)	771581751
53095886	No_Favors_(Big_Sean_song)	776750465
53619501	Fayroll	774491597
54040822	Moet_Abebe	780458495
53981785	Claas_Matador_Gigant	779161347
53734343	Durdidwarrah,_Victoria	774671574
53521859	Zoltán_Perl	770920668
53719257	Ben_Masel	779051546
53962776	Mathías_Villasanti	778797582
53442869	Raija_Sollamo	778880502
53774553	2017_World_Fencing_Championships	775361692
53615583	Karna_Maria_Birmingham	776513902
53855770	Hutuo_River	777580028
52903646	New_constitutionalism	773867005
52689814	Jaeger-LeCoultre_Glory_to_the_Filmmaker_Award	777662339
52771774	Anil_Arora	758254885
53450191	Screen_Rant	771497100
53626576	Keffaleng	779531596
52729247	Claudia-Liza_Armah	776681279
52826601	Vicenza_Calcio_in_European_football	775314009
52580829	At'son	766994560
54018296	Southside_Eagles_FC	780986976
53635921	Der_Zor_(song)	773855182
53877276	Slammiversary_XV	780803807
53675726	Herbert_Addo	775683313
53198202	Widely_Applicable_Information_Criterion	765910513
53180342	Ulah_Havasi	773596776
53987062	Eternal_Rituals_for_the_Accretion_of_Light	779471644
53431016	Alfio_Quarteroni	771939108
53155986	SAML-enabled_products_and_services	769141863
53760738	2017_European_Rowing_Championships	776879600
53615639	2018_NASCAR_Camping_World_Truck_Series	780955779
53625492	Gröbner_fan	773563219
53703962	Minister_of_Finance_Incorporated_(Malaysia)	774881269
53708658	Futsal_Hoofdklasse_(women)	774576800
53307172	Bannu–Tank_Branch_Line	778501716
53043142	Ucmate_app	778148414
54067068	Geelong_Greyhound_Racing_Club	780973789
53283913	Ibrahim_Maqary	776059592
53826977	Anthony_Hudson	776604041
53355385	Lærke_Nolsøe	771496389
53480302	Minister_of_Rural_and_Regional_Development_(Malaysia)	770763116
53959061	Crooked_River_(Ireland)	780672975
54080550	Nathan_Bryon	781086298
54062285	WCPW_Championship	780713558
53914327	Chaguang_Station	777995686
53566893	Chunkzz	779300004
53877127	Kate_Rutter	778985359
52756707	Limitarianism_(ethical)	764440003
53547561	William_D._Chappelle	773861273
52922506	Research_in_Phenomenology	761349415
53705164	Little_Mama_(chimpanzee)	781077387
52628982	Crime_and_Punishment:_A_Falsified_Romance	763888101
53440670	Afto_Ton_Kero	770438909
53573494	History_of_early_childhood_care_and_education	780996841
53516139	Francisco_Mela	778526795
52625181	Hokkien_entertainment_media	774292660
53820828	GRK_Varaždin	781065861
52760853	The_Treasure_Vaults_of_Lindoran	775284613
52712334	Instant_book	777797507
53235781	Billiards_and_snooker_at_the_2017_Southeast_Asian_Games_–_Results	769469264
54010018	Open_access_in_Venezuela	780792808
53987875	Candice_Cuoco	779913578
53991495	Disc_of_Sabu	779657492
54018377	Natalie_Morales	780974367
52690612	Theodor_Dorsten	768820658
53551143	Gmmco_Ltd	779966095
53396591	Denzel_Curry_discography	780290693
53405022	Moline_(Amtrak_station)	774235236
53808246	Jonelle_Walker	776941690
53640111	Bal_Vidya_Mandir_Parbhani	775207982
54001643	Psychomotorics	780084876
53921214	Manila_Police_District_secret_jail_cell_scandal	778313094
53615116	Copp_Motorsports	781095357
53074814	M._Suyanto	771894138
53938600	Paul_Demel	778910019
53811747	Lewis_Freestone	778529511
53607941	The_Voice_of_Vietnam_(Season_3)	773131162
53344288	Gurmehar_Kaur	775767530
53582551	Corrado_Veneziano	776261471
53014505	Mary_Lee_Bendolph	762507640
53946532	Indian_Academy_Group_of_Institutions	779583012
53730937	Jama_Abdullahi_Qalib	780208601
52771985	Kresha_Bajaj	778394344
53538907	San_Diego_mayoral_election,_1911	771185347
53483288	The_APMG_Public-Private_Partnerships_Certification_Program	770625201
54022931	Strip_That_Down	781117867
53908193	1995_Japan_Open_Tennis_Championships_–_Men's_Singles	778133961
53843026	Faleh_Hassan_Wasfi	777326797
53805046	1970_Algerian_Cup_Final	776401506
53621264	Antonio_Busiello	778180088
53471143	The_Clan_Pt._2.5:_The_Final_Chapter	780775677
53391221	New_Castle,_Clearfield_County,_Pennsylvania	776470477
53396938	2017_Dalian_Transcendence_F.C._season	780614391
53429922	Helen_Aristar-Dry	774959499
53521013	Concertación_presidential_primary,_2005	776046394
53234891	Carly_Mark	773409699
52652528	Bobadilla_railway_station	758139190
53706549	Nana_Ou-Yang	779868668
53975370	2003_Internationaux_de_Strasbourg_–_Doubles	779027337
53408249	Historic_Tlalpan_Center	774076347
53744987	Little_Rock_(album)	777336651
